{"cameraMode":{"drawMode":0,"name":"Shaded","section":"Shading Mode"},"sceneLighting":true,"audioPlay":false,"sceneViewState":{"showFog":true,"showMaterialUpdate":false,"showSkybox":true,"showFlares":true,"showImageEffects":true,"showParticleSystems":true,"showVisualEffectGraphs":true,"m_FxEnabled":true},"in2DMode":false,"pivot":{"x":-31.209999084472658,"y":0.8000001907348633,"z":-1.1599998474121094},"rotation":{"x":0.13770826160907746,"y":-0.050211139023303989,"z":0.006853732746094465,"w":0.9892342686653137},"size":30.386625289916993,"orthographic":false}