{"cameraMode":{"drawMode":0,"name":"Shaded","section":"Shading Mode"},"sceneLighting":true,"audioPlay":false,"sceneViewState":{"showFog":true,"showMaterialUpdate":false,"showSkybox":false,"showFlares":true,"showImageEffects":true,"showParticleSystems":true,"showVisualEffectGraphs":true,"m_FxEnabled":true},"in2DMode":false,"pivot":{"x":-16.920000076293947,"y":5.619999885559082,"z":-10.350000381469727},"rotation":{"x":0.008934455923736096,"y":0.9290369153022766,"z":-0.36925166845321658,"w":0.022597238421440126},"size":14.650596618652344,"orthographic":false}